"precinct","votes_2016","clinton","trump","tot_reg","asian","black","caucasian","hispanic","unknown","pct_latino","pct_clinton","pct_trump","wt","reg_2012","votes_2012","obama","romney","pct_obama","pct_romney","wt_2012"
"08031101",951,723,163,1611,40,8,462,1085,16,0.673494724,0.760252365930599,0.171398527865405,0.00286557989574231,1660,870,697,115,0.801149425287356,0.132183908045977,0.00283494740683776
"08031102",985,757,166,1639,127,60,407,1006,39,0.613788896,0.768527918781726,0.168527918781726,0.00296802965016422,1698,913,749,97,0.820372398685652,0.106243154435926,0.00297506549706078
"08031103",1003,678,241,1465,26,2,697,735,5,0.501706485,0.675972083748754,0.240279162512463,0.00302226775544641,1491,963,717,194,0.744548286604361,0.201453790238837,0.00313799350894801
"08031104",763,543,155,1315,56,32,461,745,21,0.566539924,0.711664482306684,0.203145478374836,0.00229909301835056,1356,750,571,131,0.761333333333333,0.174666666666667,0.00244392017830842
"08031105",1128,722,315,1523,56,7,791,660,9,0.43335522,0.640070921985816,0.279255319148936,0.0033989212643505,1568,1062,735,264,0.692090395480226,0.248587570621469,0.00346059097248472
"08031106",1126,815,227,1623,40,22,680,860,21,0.529882933,0.723801065719361,0.201598579040853,0.00339289480820803,1658,1035,790,194,0.763285024154589,0.18743961352657,0.00337260984606561
"08031107",1224,806,330,1743,77,12,797,799,58,0.458405049,0.658496732026144,0.269607843137255,0.00368819115918884,1793,1156,800,299,0.692041522491349,0.258650519031142,0.00376689563483271
"08031108",1258,853,281,1758,47,11,896,799,5,0.454493743,0.678060413354531,0.223370429252782,0.00379064091361075,1788,1227,890,272,0.725346373268134,0.221678891605542,0.00399825341171257
"08031109",670,468,163,1122,75,24,376,638,9,0.568627451,0.698507462686567,0.243283582089552,0.00201886280772592,1119,644,472,132,0.732919254658385,0.204968944099379,0.00209851279310749
"08031110",1124,700,347,1411,42,1,902,446,20,0.316087881,0.622775800711744,0.308718861209964,0.00338686835206557,1484,1066,676,341,0.634146341463415,0.319887429643527,0.0034736252134357
"08031111",1184,787,294,1606,27,5,959,613,2,0.381693649,0.664695945945946,0.248310810810811,0.00356766203633953,1655,1113,794,251,0.713387241689128,0.225516621743037,0.00362677754460969
"08031112",900,491,323,1171,30,2,889,243,7,0.207514944,0.545555555555556,0.358888888888889,0.00271190526410944,1305,932,534,365,0.572961373390558,0.391630901287554,0.00303697814157793
"08031113",856,510,280,1058,22,4,733,292,7,0.275992439,0.595794392523365,0.327102803738318,0.0025793232289752,1111,880,543,299,0.617045454545455,0.339772727272727,0.00286753300921521
"08031114",976,577,320,1315,21,5,851,432,6,0.32851711,0.591188524590164,0.327868852459016,0.00294091059752313,1291,940,558,347,0.593617021276596,0.369148936170213,0.00306304662347988
"08031115",375,212,133,470,8,1,339,121,1,0.257446809,0.565333333333333,0.354666666666667,0.00112996052671227,466,389,214,158,0.55012853470437,0.406169665809769,0.00126757993248263
"08031116",1020,587,353,1236,28,1,798,404,5,0.326860841,0.575490196078431,0.346078431372549,0.00307349263265737,1299,1000,611,344,0.611,0.344,0.00325856023774456
"08031117",887,537,283,1139,35,6,698,382,18,0.335381914,0.605411499436302,0.319052987598647,0.00267273329918342,1223,942,593,323,0.629511677282378,0.342887473460722,0.00306956374395537
"08031118",887,599,234,1566,47,41,776,661,41,0.422094508,0.675310033821871,0.263810597519729,0.00267273329918342,1856,1006,710,249,0.705765407554672,0.247514910536779,0.00327811159917102
"08031119",893,644,191,1555,74,59,630,779,13,0.50096463,0.721164613661814,0.213885778275476,0.00269081266761081,1635,894,663,163,0.741610738255034,0.182326621923937,0.00291315285254363
"08031120",1122,634,388,1833,20,11,1382,405,15,0.220949264,0.5650623885918,0.345811051693405,0.0033808418959231,2218,1226,768,385,0.626427406199021,0.314029363784666,0.00399499485147482
"08031121",982,617,293,1267,88,2,735,436,6,0.344119968,0.628309572301426,0.29837067209776,0.00295898996595052,1277,945,601,303,0.635978835978836,0.320634920634921,0.0030793394246686
"08031122",1031,583,380,1290,63,19,917,278,13,0.215503876,0.565470417070805,0.368574199806014,0.00310663814144093,1356,983,547,414,0.55645981688708,0.421159715157681,0.0032031647137029
"08031123",1071,525,498,1319,38,14,1089,165,13,0.125094769,0.490196078431373,0.464985994397759,0.00322716726429023,1454,1066,446,598,0.418386491557223,0.560975609756098,0.0034736252134357
"08031124",971,449,431,1208,36,2,948,219,3,0.181291391,0.462409886714727,0.443872296601442,0.00292584445716696,1307,908,458,413,0.504405286343612,0.454845814977974,0.00295877269587206
"08031125",1023,503,426,1342,26,3,1106,196,11,0.146050671,0.49169110459433,0.416422287390029,0.00308253231687106,1539,985,532,419,0.54010152284264,0.425380710659898,0.00320968183417839
"08031126",1125,578,436,1647,32,1,1356,242,16,0.146933819,0.513777777777778,0.387555555555556,0.0033898815801368,1786,1056,585,436,0.553977272727273,0.412878787878788,0.00344103961105825
"08031127",1255,649,503,1614,9,2,1415,185,3,0.114622057,0.517131474103586,0.400796812749004,0.00378160122939705,1597,1018,543,442,0.533398821218075,0.434184675834971,0.00331721432202396
"08031128",828,394,369,992,63,1,836,89,3,0.089717742,0.475845410628019,0.445652173913043,0.00249495284298069,1095,783,364,407,0.464878671775224,0.519795657726692,0.00255145266615399
"08031129",717,353,322,864,20,3,642,195,4,0.225694444,0.492329149232915,0.449093444909344,0.00216048452707385,936,748,375,345,0.501336898395722,0.461229946524064,0.00243740305783293
"08031130",928,479,344,1246,36,2,924,277,7,0.222311396,0.516163793103448,0.370689655172414,0.00279627565010396,1378,931,522,374,0.560687432867884,0.40171858216971,0.00303371958134018
"08031131",974,500,385,1242,25,10,980,221,6,0.177938808,0.513347022587269,0.395277207392197,0.00293488414138066,1241,896,473,387,0.527901785714286,0.431919642857143,0.00291966997301912
"08031132",1102,487,527,1414,36,3,1238,134,3,0.09476662,0.441923774954628,0.478221415607985,0.00332057733449845,1727,1078,452,597,0.419294990723562,0.553803339517625,0.00351272793628863
"08031201",1286,1002,162,1857,37,64,1618,116,22,0.062466344,0.779160186625194,0.12597200622084,0.00387501129960527,2000,1038,693,309,0.667630057803468,0.297687861271676,0.00338238552677885
"08031202",1100,865,144,1839,30,88,1506,188,27,0.102229473,0.786363636363636,0.130909090909091,0.00331455087835598,2333,1094,801,231,0.73217550274223,0.211151736745887,0.00356486490009254
"08031203",841,677,114,1354,15,70,1183,77,9,0.056868538,0.80499405469679,0.135552913198573,0.00253412480790671,1451,758,579,152,0.763852242744063,0.200527704485488,0.00246998866021037
"08031204",1262,1051,85,1978,25,83,1655,188,27,0.095045501,0.832805071315372,0.0673534072900158,0.00380269382589568,2524,1183,950,154,0.803043110735418,0.130177514792899,0.00385487676125181
"08031205",1088,892,81,1678,26,51,1487,107,7,0.063766389,0.819852941176471,0.0744485294117647,0.00327839214150119,2136,1050,884,120,0.841904761904762,0.114285714285714,0.00342148824963178
"08031206",1437,1162,161,2180,30,84,1833,200,33,0.091743119,0.808629088378567,0.112038970076548,0.00433000873836141,2677,1232,968,203,0.785714285714286,0.164772727272727,0.00401454621290129
"08031207",1137,897,148,1640,13,47,1419,142,19,0.086585366,0.788918205804749,0.130167106420405,0.00342604031699159,1967,1103,866,190,0.785131459655485,0.172257479601088,0.00359419194223224
"08031208",1177,986,88,1710,24,50,1481,146,9,0.085380117,0.837723024638912,0.0747663551401869,0.0035465694398409,2228,1149,959,125,0.834638816362054,0.108790252393386,0.00374408571316849
"08031209",988,805,113,1322,15,45,1160,92,10,0.069591528,0.814777327935223,0.114372469635628,0.00297706933437792,1658,990,757,185,0.764646464646465,0.186868686868687,0.00322597463536711
"08031210",1131,903,129,1476,22,46,1306,92,10,0.062330623,0.79840848806366,0.114058355437666,0.0034079609485642,1860,1097,907,157,0.826800364630811,0.143117593436645,0.00357464058080578
"08031211",972,796,91,1338,12,26,1219,75,6,0.056053812,0.818930041152263,0.0936213991769547,0.0029288576852382,1641,905,748,116,0.826519337016575,0.12817679558011,0.00294899701515882
"08031212",1107,876,150,1468,16,26,1334,84,8,0.057220708,0.791327913279133,0.13550135501355,0.00333564347485461,1583,1028,814,190,0.791828793774319,0.184824902723735,0.0033497999244014
"08031213",837,689,84,1129,8,30,774,300,17,0.265721878,0.823178016726404,0.100358422939068,0.00252207189562178,1264,791,678,72,0.857142857142857,0.0910240202275601,0.00257752114805594
"08031214",879,710,95,1205,13,31,998,150,13,0.124481328,0.80773606370876,0.108077360637088,0.00264862747461355,1373,867,696,126,0.802768166089965,0.145328719723183,0.00282517172612453
"08031215",1370,1096,183,1842,24,39,1634,134,11,0.072747014,0.8,0.133576642335766,0.00412812245758881,1894,1133,880,213,0.776699029126214,0.187996469549868,0.00369194874936458
"08031216",1017,840,107,1300,21,39,1145,91,4,0.07,0.825958702064897,0.105211406096362,0.00306445294844367,1488,878,691,150,0.787015945330296,0.170842824601367,0.00286101588873972
"08031217",1088,856,149,1369,12,20,1277,51,9,0.03725347,0.786764705882353,0.136948529411765,0.00327839214150119,1573,1047,786,233,0.750716332378224,0.222540592168099,0.00341171256891855
"08031218",1667,1336,183,2266,24,37,2047,144,14,0.063548102,0.801439712057588,0.109778044391122,0.00502305119474493,2628,1571,1266,252,0.805856142584341,0.160407383831954,0.0051191981334967
"08031219",1582,1144,287,2131,14,24,2013,74,6,0.034725481,0.723135271807838,0.18141592920354,0.00476692680869015,2620,1541,1059,437,0.687216093445814,0.283582089552239,0.00502144132636436
"08031220",1456,1182,128,1861,28,45,1514,238,36,0.127888232,0.811813186813187,0.0879120879120879,0.00438726007171483,1324,841,723,86,0.859690844233056,0.102259215219976,0.00274044915994317
"08031221",1510,1182,185,1925,18,19,1780,101,7,0.052467532,0.782781456953642,0.122516556291391,0.00454997438756139,2254,1368,1049,273,0.766812865497076,0.199561403508772,0.00445771040523455
"08031222",887,716,96,1157,5,8,1058,79,7,0.068280035,0.807215332581736,0.108229988726043,0.00267273329918342,1296,859,657,178,0.764842840512224,0.207217694994179,0.00279910324422257
"08031223",752,568,116,946,5,NA,915,25,1,0.026427061,0.75531914893617,0.154255319148936,0.002265947509567,1071,741,520,197,0.701754385964912,0.265856950067476,0.00241459313616872
"08031224",1097,841,167,1375,6,20,1265,74,10,0.053818182,0.766636280765725,0.152233363719234,0.00330551119414228,1178,789,588,172,0.745247148288973,0.217997465145754,0.00257100402758045
"08031225",758,562,128,933,11,NA,895,25,2,0.026795284,0.741424802110818,0.168865435356201,0.0022840268779944,1103,738,496,229,0.672086720867209,0.31029810298103,0.00240481745545548
"08031226",786,602,121,965,8,5,929,22,1,0.022797927,0.765903307888041,0.153944020356234,0.00236839726398891,1065,734,507,209,0.690735694822888,0.284741144414169,0.0023917832145045
"08031227",832,603,162,1040,8,3,989,38,2,0.036538462,0.724759615384615,0.194711538461538,0.00250700575526562,1217,785,545,223,0.694267515923567,0.284076433121019,0.00255796978662948
"08031228",553,390,134,658,4,NA,630,19,5,0.02887538,0.705244122965642,0.242314647377939,0.00166631512339169,751,572,363,197,0.634615384615385,0.344405594405594,0.00186389645598989
"08031229",679,459,167,814,5,NA,774,34,1,0.041769042,0.6759941089838,0.245949926362297,0.00204598186036701,953,695,406,265,0.584172661870504,0.381294964028777,0.00226469936523247
"08031230",758,502,195,919,19,NA,884,12,4,0.013057671,0.662269129287599,0.257255936675462,0.0022840268779944,983,763,472,272,0.618610747051114,0.3564875491481,0.0024862814613991
"08031231",826,529,221,1014,23,3,962,19,7,0.018737673,0.64043583535109,0.267554479418886,0.00248892638683822,1096,755,474,261,0.627814569536424,0.345695364238411,0.00246021297949714
"08031232",699,521,133,1127,14,37,880,179,17,0.158828749,0.745350500715308,0.190271816881259,0.00210624642179167,1021,631,436,159,0.690966719492868,0.251980982567353,0.00205615151001681
"08031233",1595,1185,264,1961,32,6,1840,81,2,0.041305456,0.74294670846395,0.16551724137931,0.00480609877361618,1937,1330,966,320,0.726315789473684,0.240601503759398,0.00433388511620026
"08031234",1416,1052,258,1735,35,4,1634,55,7,0.031700288,0.742937853107345,0.182203389830508,0.00426673094886552,1915,1367,950,382,0.6949524506218,0.279444038039503,0.00445445184499681
"08031235",1274,920,236,1535,19,4,1473,33,6,0.021498371,0.722135007849294,0.185243328100471,0.00383885256275047,1725,1244,848,361,0.681672025723473,0.290192926045016,0.00405364893575423
"08031236",920,650,170,1172,10,2,1110,49,1,0.041808874,0.706521739130435,0.184782608695652,0.00277216982553409,1322,893,626,230,0.701007838745801,0.257558790593505,0.00290989429230589
"08031237",1669,1289,240,2954,84,27,2663,151,29,0.051117129,0.772318753744757,0.143798681845416,0.0050290776508874,3260,1320,912,357,0.690909090909091,0.270454545454545,0.00430129951382281
"08031238",1512,1088,278,1969,37,12,1841,58,21,0.029456577,0.71957671957672,0.183862433862434,0.00455600084370386,2100,1299,844,414,0.649730561970747,0.318706697459584,0.00423286974883018
"08031239",1075,723,263,1400,24,11,1302,56,7,0.04,0.672558139534884,0.244651162790698,0.00323922017657516,1638,1087,686,365,0.631094756209752,0.335786568537259,0.00354205497842833
"08031240",782,530,164,1112,8,23,856,209,16,0.18794964,0.677749360613811,0.209718670076726,0.00235634435170398,1140,709,500,172,0.705218617771509,0.242595204513399,0.00231031920856089
"08031241",883,644,165,1124,3,2,1051,66,2,0.058718861,0.729331823329558,0.186862967157418,0.00266068038689848,1183,833,592,213,0.710684273709484,0.255702280912365,0.00271438067804121
"08031242",849,572,189,1070,10,4,981,74,1,0.069158879,0.673733804475854,0.222614840989399,0.00255823063247657,1255,834,539,255,0.646282973621103,0.305755395683453,0.00271763923827896
"08031243",997,737,172,1290,20,3,1231,32,4,0.024806202,0.739217652958877,0.172517552657974,0.00300418838701901,1459,941,630,270,0.669500531349628,0.286928799149841,0.00306630518371763
"08031244",980,679,200,1343,43,11,1221,60,8,0.044676098,0.692857142857143,0.204081632653061,0.00295296350980806,1646,946,651,246,0.68816067653277,0.260042283298097,0.00308259798490635
"08031245",1039,695,272,1257,17,9,1197,21,13,0.016706444,0.668912415784408,0.261790182868142,0.00313074396601079,1417,997,600,368,0.601805416248746,0.369107321965898,0.00324878455703132
"08031246",1017,683,263,1238,16,4,1184,27,7,0.02180937,0.671583087512291,0.258603736479843,0.00306445294844367,1381,1005,637,350,0.633830845771144,0.348258706467662,0.00327485303893328
"08031247",666,394,210,858,14,20,766,48,10,0.055944056,0.591591591591592,0.315315315315315,0.00200680989544099,834,546,333,193,0.60989010989011,0.353479853479854,0.00177917388980853
"08031248",874,603,211,1034,12,8,982,28,4,0.027079304,0.689931350114417,0.241418764302059,0.00263356133425739,1050,835,551,263,0.659880239520958,0.31497005988024,0.0027208977985167
"08031249",1177,739,367,1324,4,NA,1306,11,3,0.008308157,0.627867459643161,0.311809685641461,0.0035465694398409,1395,1223,647,552,0.529026982829109,0.451349141455437,0.00398521917076159
"08031250",1096,726,282,1281,10,2,1256,12,1,0.009367681,0.662408759124088,0.257299270072993,0.00330249796607105,1399,1096,628,441,0.572992700729927,0.402372262773723,0.00357138202056803
"08031401",1025,709,237,1354,9,3,1006,330,6,0.243722304,0.691707317073171,0.231219512195122,0.00308855877301353,1411,986,689,244,0.698782961460446,0.247464503042596,0.00321294039441613
"08031402",1305,985,217,1936,38,16,1435,423,24,0.218491736,0.754789272030651,0.166283524904215,0.00393226263295869,2021,1152,867,231,0.752604166666667,0.200520833333333,0.00375386139388173
"08031403",935,716,153,1288,7,9,732,533,7,0.413819876,0.765775401069519,0.163636363636364,0.00281736824660259,1281,860,683,138,0.794186046511628,0.16046511627907,0.00280236180446032
"08031404",1134,875,168,1448,8,1,1229,209,1,0.144337017,0.771604938271605,0.148148148148148,0.0034170006327779,1522,1058,817,204,0.772211720226843,0.192816635160681,0.00344755673153374
"08031405",1119,878,181,1325,7,4,996,314,4,0.236981132,0.784629133154602,0.161751563896336,0.0033718022117094,1454,1023,781,207,0.763440860215054,0.202346041055718,0.00333350712321268
"08031406",885,674,142,1128,14,5,660,442,7,0.391843972,0.761581920903955,0.16045197740113,0.00266670684304095,1198,793,637,131,0.80327868852459,0.165195460277427,0.00258403826853143
"08031407",1225,930,186,1517,10,2,1255,244,6,0.160843771,0.759183673469388,0.151836734693878,0.00369120438726007,1584,1102,848,197,0.76950998185118,0.178765880217786,0.0035909333819945
"08031408",1202,909,201,1516,10,3,1237,259,7,0.170844327,0.756239600665557,0.167221297836938,0.00362190014162172,1575,1095,836,208,0.763470319634703,0.189954337899543,0.00356812346033029
"08031409",1030,835,123,1259,8,1,969,277,4,0.220015886,0.810679611650485,0.119417475728155,0.00310362491336969,1450,1051,832,179,0.79162702188392,0.170313986679353,0.00342474680986953
"08031410",865,706,97,1096,7,13,780,290,6,0.26459854,0.816184971098266,0.112138728323699,0.0026064422816163,1228,844,678,127,0.803317535545024,0.150473933649289,0.0027502248406564
"08031411",887,712,114,1188,9,10,783,377,9,0.317340067,0.802705749718151,0.128523111612176,0.00267273329918342,1289,850,685,117,0.805882352941176,0.137647058823529,0.00276977620208287
"08031412",1262,1006,166,1513,14,4,1275,215,5,0.142101785,0.797147385103011,0.131537242472266,0.00380269382589568,1715,1186,942,205,0.794266441821248,0.172849915682968,0.00386465244196504
"08031413",1270,978,205,1470,15,6,1280,165,4,0.112244898,0.77007874015748,0.161417322834646,0.00382679965046554,1606,1199,876,284,0.730608840700584,0.236864053377815,0.00390701372505572
"08031414",1189,922,179,1443,4,3,1265,170,1,0.117810118,0.775441547518923,0.150546677880572,0.00358272817669569,1584,1123,849,247,0.756010685663402,0.219946571682992,0.00365936314698714
"08031415",1288,1012,173,1632,10,3,1448,166,5,0.101715686,0.785714285714286,0.134316770186335,0.00388103775574773,1790,1259,903,311,0.717235901509134,0.247021445591739,0.00410252733932039
"08031416",1123,901,141,1442,11,3,1243,181,4,0.125520111,0.802315227070347,0.125556544968833,0.00338385512399434,1619,1093,853,200,0.780420860018298,0.182982616651418,0.0035616063398548
"08031417",922,735,112,1105,5,6,848,241,5,0.218099548,0.797180043383948,0.121475054229935,0.00277819628167656,1323,885,711,136,0.803389830508475,0.153672316384181,0.00288382581040393
"08031418",1289,1019,185,1758,13,31,1449,252,13,0.14334471,0.790535298681148,0.143522110162917,0.00388405098381897,1873,1202,922,230,0.767054908485857,0.19134775374376,0.00391678940576896
"08031419",1193,898,208,1413,8,4,1203,189,9,0.133757962,0.752724224643755,0.174350377200335,0.00359478108898062,1544,1139,826,279,0.725197541703248,0.244951712028095,0.00371150011079105
"08031420",1122,874,187,1560,65,18,1038,422,17,0.270512821,0.778966131907308,0.166666666666667,0.0033808418959231,1646,1093,815,221,0.745654162854529,0.202195791399817,0.0035616063398548
"08031421",1267,997,161,1649,16,32,1211,353,37,0.214069133,0.78689818468824,0.12707182320442,0.00381775996625185,1795,1193,933,222,0.782062028499581,0.186085498742666,0.00388746236362925
"08031422",1173,881,185,1512,24,21,1116,330,21,0.218253968,0.751065643648764,0.15771526001705,0.00353451652755597,1618,1103,826,235,0.748866727107888,0.213055303717135,0.00359419194223224
"08031423",816,577,185,1430,13,47,798,538,34,0.376223776,0.707107843137255,0.22671568627451,0.00245879410612589,1498,821,588,198,0.716199756394641,0.241169305724726,0.00267527795518828
"08031424",1040,740,222,1437,14,27,957,423,16,0.294363257,0.711538461538462,0.213461538461538,0.00313375719408202,1391,804,568,179,0.706467661691542,0.222636815920398,0.00261988243114662
"08031425",768,598,106,1356,11,62,684,570,29,0.420353982,0.778645833333333,0.138020833333333,0.00231415915870672,1513,827,643,121,0.777509068923821,0.146311970979444,0.00269482931661475
"08031426",1126,812,186,1996,15,86,1175,684,36,0.342685371,0.72113676731794,0.165186500888099,0.00339289480820803,2021,1040,845,129,0.8125,0.124038461538462,0.00338890264725434
"08031427",239,199,25,641,34,215,96,286,10,0.446177847,0.832635983263598,0.104602510460251,0.000720161509024618,791,317,280,19,0.883280757097792,0.0599369085173502,0.00103296359536502
"08031428",941,694,168,1607,9,35,730,828,5,0.5152458,0.737513283740701,0.178533475026567,0.00283544761502998,1679,935,729,141,0.779679144385027,0.150802139037433,0.00304675382229116
"08031429",946,730,134,1477,10,27,626,800,14,0.541638456,0.771670190274841,0.141649048625793,0.00285051375538615,1372,822,662,109,0.805352798053528,0.132603406326034,0.00267853651542602
"08031430",832,670,101,1271,1,20,521,712,17,0.560188828,0.805288461538462,0.121394230769231,0.00250700575526562,1280,762,629,64,0.825459317585302,0.083989501312336,0.00248302290116135
"08031431",1080,830,180,1549,16,7,644,873,9,0.563589413,0.768518518518518,0.166666666666667,0.00325428631693133,1464,993,768,161,0.773413897280967,0.162134944612286,0.00323575031608034
"08031432",905,700,118,1412,10,15,603,779,5,0.551699717,0.773480662983425,0.130386740331492,0.0027269714044656,1427,885,733,100,0.828248587570621,0.112994350282486,0.00288382581040393
"08031433",964,689,209,1459,20,3,600,827,9,0.566826594,0.714730290456432,0.216804979253112,0.00290475186066833,1517,939,717,171,0.763578274760383,0.182108626198083,0.00305978806324214
"08031434",904,693,139,1426,7,11,523,878,7,0.615708275,0.766592920353982,0.153761061946903,0.00272395817639437,1473,880,698,121,0.793181818181818,0.1375,0.00286753300921521
"08031435",811,622,146,1316,27,17,403,860,9,0.653495441,0.766954377311961,0.180024660912454,0.00244372796576973,1181,681,560,87,0.822320117474302,0.127753303964758,0.00221907952190404
"08031436",750,595,105,1382,37,9,394,939,3,0.679450072,0.793333333333333,0.14,0.00225992105342453,1426,744,617,82,0.829301075268817,0.110215053763441,0.00242436881688195
"08031501",938,727,141,1320,8,7,600,702,3,0.531818182,0.775053304904051,0.150319829424307,0.00282640793081628,1310,896,716,136,0.799107142857143,0.151785714285714,0.00291966997301912
"08031502",643,514,88,1052,1,51,379,606,15,0.576045627,0.799377916018662,0.136858475894246,0.00193750564980263,1047,580,490,49,0.844827586206897,0.0844827586206897,0.00188996493789184
"08031503",825,676,107,1406,1,112,441,812,40,0.577524893,0.819393939393939,0.12969696969697,0.00248591315876699,1451,791,662,60,0.836915297092288,0.0758533501896334,0.00257752114805594
"08031504",718,581,101,1176,1,32,295,837,11,0.711734694,0.809192200557103,0.14066852367688,0.00216349775514509,1208,736,638,48,0.866847826086957,0.0652173913043478,0.00239830033497999
"08031505",828,663,121,1224,7,38,445,716,18,0.58496732,0.800724637681159,0.146135265700483,0.00249495284298069,1272,758,615,84,0.811345646437995,0.110817941952507,0.00246998866021037
"08031506",900,758,85,1191,10,10,752,405,14,0.340050378,0.842222222222222,0.0944444444444444,0.00271190526410944,1214,829,706,88,0.851628468033776,0.106151990349819,0.00270134643709024
"08031507",877,728,85,1309,6,53,575,656,19,0.501145913,0.830102622576967,0.096921322690992,0.00264260101847109,1351,784,641,89,0.817602040816326,0.113520408163265,0.00255471122639173
"08031508",821,633,141,1014,15,8,742,244,5,0.240631164,0.771010962241169,0.171741778319123,0.00247386024648206,1007,693,540,125,0.779220779220779,0.18037518037518,0.00225818224475698
"08031509",1059,827,146,1361,6,21,1005,325,4,0.238795004,0.780925401322002,0.137865911237016,0.00319100852743544,1028,619,512,75,0.827140549273021,0.121163166397415,0.00201704878716388
"08031510",606,440,106,1053,9,63,537,417,27,0.396011396,0.726072607260726,0.174917491749175,0.00182601621116702,870,468,357,66,0.762820512820513,0.141025641025641,0.00152500619126445
"08031511",869,635,143,1152,16,17,959,151,9,0.131076389,0.7307249712313,0.164556962025316,0.00261849519390123,1127,737,513,190,0.69606512890095,0.257801899592944,0.00240155889521774
"08031512",1082,813,173,1499,22,15,1338,107,17,0.071380921,0.751386321626617,0.159889094269871,0.00326031277307379,1508,901,610,264,0.677025527192009,0.293007769145394,0.00293596277420784
"08031513",1895,1332,403,2252,62,33,2045,103,9,0.045737123,0.702902374670185,0.212664907651715,0.00571006719498599,1222,829,469,342,0.565741857659831,0.41254523522316,0.00270134643709024
"08031514",1189,860,226,1657,2,43,1502,98,12,0.05914303,0.723296888141295,0.190075693860387,0.00358272817669569,1492,919,522,364,0.568008705114255,0.396082698585419,0.00299461685848725
"08031515",2085,1552,327,2846,10,118,2454,223,41,0.078355587,0.744364508393285,0.156834532374101,0.0062825805285202,2047,1099,769,280,0.699727024567789,0.254777070063694,0.00358115770128127
"08031516",515,442,23,812,4,103,418,281,6,0.346059113,0.858252427184466,0.0446601941747573,0.00155181245668485,826,461,404,26,0.876355748373102,0.0563991323210412,0.00150219626960024
"08031517",705,460,196,969,16,4,900,46,3,0.04747162,0.652482269503546,0.278014184397163,0.00212432579021906,1004,628,359,252,0.571656050955414,0.401273885350318,0.00204637582930358
"08031518",691,478,165,969,62,4,828,68,7,0.070175439,0.691751085383502,0.238784370477569,0.0020821405972218,1164,685,432,224,0.630656934306569,0.327007299270073,0.00223211376285502
"08031519",989,667,222,1705,8,69,1490,119,19,0.069794721,0.674418604651163,0.224469160768453,0.00298008256244915,1215,595,345,229,0.579831932773109,0.384873949579832,0.00193884334145801
"08031520",835,619,150,5003,4,504,3743,675,77,0.134919049,0.741317365269461,0.179640718562874,0.00251604543947931,3624,836,670,116,0.801435406698565,0.138755980861244,0.00272415635875445
"08031521",841,711,75,1275,2,143,812,296,22,0.232156863,0.845422116527943,0.089179548156956,0.00253412480790671,1322,794,653,96,0.822418136020151,0.120906801007557,0.00258729682876918
"08031522",1900,1381,348,2618,19,53,2078,430,38,0.164247517,0.726842105263158,0.183157894736842,0.00572513333534215,1874,1151,902,191,0.783666377063423,0.165942658557776,0.00375060283364398
"08031523",1301,929,247,1786,44,57,1534,134,17,0.075027996,0.714066102997694,0.189853958493467,0.00392020972067376,1830,1018,633,354,0.62180746561886,0.347740667976424,0.00331721432202396
"08031524",1156,753,283,1675,50,56,1415,120,34,0.071641791,0.651384083044983,0.244809688581315,0.00348329165034501,1695,998,598,368,0.599198396793587,0.3687374749499,0.00325204311726907
"08031525",899,641,186,1493,24,57,1249,128,35,0.085733423,0.71301446051168,0.206896551724138,0.00270889203603821,1784,816,527,260,0.645833333333333,0.318627450980392,0.00265898515399956
"08031526",454,320,88,967,15,59,785,100,8,0.103412616,0.704845814977974,0.193832599118943,0.00136800554433965,1029,448,306,115,0.683035714285714,0.256696428571429,0.00145983498650956
"08031527",1282,1039,115,2517,32,349,1207,883,46,0.350814462,0.810452418096724,0.0897035881435257,0.00386295838732034,2548,1218,999,114,0.820197044334975,0.0935960591133005,0.00396892636957287
"08031528",1573,1228,194,2388,31,53,1775,502,27,0.210217755,0.780673871582963,0.123331214240305,0.00473980775604906,2809,1509,1185,244,0.785288270377734,0.161696487740225,0.00491716739875653
"08031529",1256,933,247,1765,19,58,1591,64,33,0.036260623,0.742834394904459,0.196656050955414,0.00378461445746829,1847,1156,792,331,0.685121107266436,0.286332179930796,0.00376689563483271
"08031530",90,68,8,153,3,13,116,20,1,0.130718954,0.755555555555556,0.0888888888888889,0.000271190526410944,252,113,97,10,0.858407079646018,0.0884955752212389,0.000368217306865135
"08031531",1079,831,165,1798,47,58,576,1095,22,0.609010011,0.770157553290083,0.15291936978684,0.0032512730888601,1900,1019,835,115,0.819430814524043,0.112855740922473,0.0033204728822617
"08031532",546,442,58,797,6,14,581,185,11,0.232120452,0.80952380952381,0.106227106227106,0.00164522252689306,777,478,381,65,0.797071129707113,0.135983263598326,0.0015575917936419
"08031533",1022,769,171,1508,53,4,693,743,15,0.49270557,0.752446183953033,0.167318982387476,0.00307951908879983,1499,951,743,158,0.781282860147213,0.166140904311251,0.00309889078609507
"08031534",965,694,179,1382,55,9,584,725,9,0.524602026,0.719170984455959,0.185492227979275,0.00290776508873957,1373,883,678,148,0.767836919592299,0.167610419026048,0.00287730868992844
"08031535",1128,854,193,1583,15,16,697,839,16,0.530006317,0.75709219858156,0.171099290780142,0.0033989212643505,1594,1027,765,201,0.744888023369036,0.195715676728335,0.00334654136416366
"08031536",838,603,181,1212,105,20,462,618,7,0.50990099,0.719570405727924,0.215990453460621,0.00252508512369301,1233,732,538,144,0.734972677595628,0.19672131147541,0.00238526609402901
"08031537",939,665,199,1466,51,49,586,768,12,0.523874488,0.708200212992545,0.211927582534611,0.00282942115888752,1353,832,628,147,0.754807692307692,0.176682692307692,0.00271112211780347
"08031538",780,548,179,1181,79,8,475,601,18,0.508890771,0.702564102564103,0.229487179487179,0.00235031789556151,1224,760,579,134,0.761842105263158,0.176315789473684,0.00247650578068586
"08031539",713,493,155,1092,11,18,548,497,18,0.455128205,0.691444600280505,0.217391304347826,0.00214843161478892,1122,720,547,136,0.759722222222222,0.188888888888889,0.00234616337117608
"08031601",548,445,66,693,8,8,638,28,11,0.04040404,0.812043795620438,0.12043795620438,0.00165124898303553,744,520,412,89,0.792307692307692,0.171153846153846,0.00169445132362717
"08031602",721,580,88,1028,5,132,776,99,16,0.096303502,0.804438280166435,0.122052704576976,0.00217253743935879,1146,721,574,127,0.796116504854369,0.176144244105409,0.00234942193141382
"08031603",797,602,116,1145,6,166,810,150,13,0.131004367,0.755332496863237,0.145545796737767,0.00240154277277247,1198,709,556,123,0.784203102961918,0.173483779971791,0.00231031920856089
"08031604",1093,853,167,2009,42,581,1094,254,38,0.12643106,0.780420860018298,0.152790484903934,0.00329345828185735,2232,1104,921,138,0.834239130434783,0.125,0.00359745050246999
"08031605",750,603,109,881,27,8,796,43,7,0.048808173,0.804,0.145333333333333,0.00225992105342453,1017,749,580,156,0.774365821094793,0.208277703604806,0.00244066161807067
"08031606",851,688,117,1035,6,44,890,85,10,0.082125604,0.808460634547591,0.137485311398355,0.00256425708861904,1198,840,682,137,0.811904761904762,0.163095238095238,0.00273719059970543
"08031607",660,501,117,804,5,22,724,49,4,0.060945274,0.759090909090909,0.177272727272727,0.00198873052701359,841,639,473,153,0.740219092331768,0.23943661971831,0.00208221999191877
"08031608",1183,919,167,1369,18,10,1304,29,8,0.021183346,0.776838546069315,0.14116652578191,0.0035646488082683,1509,1142,824,293,0.7215411558669,0.256567425569177,0.00372127579150428
"08031609",281,222,50,325,4,NA,312,9,NA,0.027692308,0.790035587188612,0.177935943060498,0.000846717088016392,336,263,188,73,0.714828897338403,0.277566539923954,0.000857001342526818
"08031610",359,296,44,418,5,NA,401,11,1,0.026315789,0.824512534818941,0.122562674094708,0.00108174887757254,471,357,255,99,0.714285714285714,0.277310924369748,0.00116330600487481
"08031611",697,531,108,886,16,27,795,42,6,0.047404063,0.761836441893831,0.154949784791966,0.0021002199656492,985,613,437,160,0.712887438825449,0.261011419249592,0.00199749742573741
"08031612",949,740,146,1248,26,37,1092,68,25,0.054487179,0.779768177028451,0.153846153846154,0.00285955343959984,1303,911,692,203,0.7596048298573,0.222832052689352,0.00296854837658529
"08031613",1019,802,152,1241,11,50,1078,88,14,0.070910556,0.787046123650638,0.149165848871443,0.00307047940458613,1330,849,583,240,0.686690223792697,0.282685512367491,0.00276651764184513
"08031614",647,485,122,800,3,45,711,38,3,0.0475,0.749613601236476,0.188562596599691,0.00194955856208756,864,618,439,158,0.710355987055016,0.255663430420712,0.00201379022692614
"08031615",870,633,176,1012,27,35,904,39,7,0.038537549,0.727586206896552,0.202298850574713,0.00262150842197246,976,809,512,283,0.632880098887515,0.349814585908529,0.00263617523233535
"08031616",1094,699,319,1266,9,11,1217,27,2,0.021327014,0.638939670932358,0.291590493601462,0.00329647150992859,1424,1109,584,506,0.526600541027953,0.456266907123535,0.00361374330365871
"08031617",852,530,283,1099,13,3,1057,25,1,0.022747953,0.622065727699531,0.332159624413146,0.00256727031669027,1196,837,479,340,0.572281959378734,0.40621266427718,0.00272741491899219
"08031618",818,502,265,994,10,NA,961,22,1,0.022132797,0.613691931540342,0.323960880195599,0.00246482056226836,1158,795,432,353,0.543396226415094,0.444025157232704,0.00259055538900692
"08031619",813,527,248,983,8,NA,955,18,2,0.018311292,0.648216482164822,0.305043050430504,0.00244975442191219,1165,811,473,324,0.583230579531443,0.399506781750925,0.00264269235281083
"08031620",1004,655,297,1366,10,5,1299,47,5,0.034407028,0.652390438247012,0.295816733067729,0.00302528098351764,1404,821,521,281,0.634591961023143,0.342265529841657,0.00267527795518828
"08031621",984,636,291,1217,23,4,1148,40,2,0.032867707,0.646341463414634,0.295731707317073,0.00296501642209299,1274,813,476,325,0.585485854858549,0.399753997539975,0.00264920947328632
"08031622",1008,720,236,1190,10,3,1170,5,2,0.004201681,0.714285714285714,0.234126984126984,0.00303733389580257,1291,1032,655,361,0.63468992248062,0.349806201550388,0.00336283416535238
"08031623",1126,779,282,1334,12,1,1301,19,1,0.014242879,0.691829484902309,0.25044404973357,0.00339289480820803,1436,1161,659,480,0.567614125753661,0.41343669250646,0.00378318843602143
"08031624",1170,814,273,1382,3,24,1313,37,5,0.026772793,0.695726495726496,0.233333333333333,0.00352547684334227,1489,1161,736,400,0.633936261843239,0.344530577088717,0.00378318843602143
"08031625",733,563,124,901,12,80,757,44,8,0.048834628,0.768076398362892,0.169167803547067,0.00220869617621358,931,708,465,235,0.656779661016949,0.331920903954802,0.00230706064832314
"08031626",710,544,133,935,7,41,836,45,6,0.048128342,0.766197183098592,0.187323943661972,0.00213939193057523,1173,757,538,198,0.710700132100396,0.261558784676354,0.00246673009997263
"08031627",1011,725,242,1209,11,5,1184,7,2,0.005789909,0.717111770524233,0.239366963402572,0.00304637358001627,1363,1067,652,399,0.611059044048735,0.373945641986879,0.00347688377367344
"08031628",1154,854,228,1554,9,108,1330,97,10,0.062419562,0.740034662045061,0.197573656845754,0.00347726519420255,1657,1150,806,320,0.700869565217391,0.278260869565217,0.00374734427340624
"08031629",756,546,161,855,10,15,806,17,7,0.019883041,0.722222222222222,0.212962962962963,0.00227800042185193,896,704,447,244,0.634943181818182,0.346590909090909,0.00229402640737217
"08031630",744,543,166,860,25,17,787,20,11,0.023255814,0.729838709677419,0.223118279569892,0.00224184168499714,888,698,473,215,0.677650429799427,0.308022922636103,0.0022744750459457
"08031631",1515,1110,271,2304,28,248,1833,176,19,0.076388889,0.732673267326733,0.178877887788779,0.00456504052791756,2566,1469,1019,414,0.693669162695711,0.281824370319946,0.00478682498924675
"08031632",978,678,232,1219,14,2,1175,28,NA,0.022969647,0.693251533742331,0.23721881390593,0.00294693705366559,1314,918,605,283,0.659041394335512,0.308278867102396,0.0029913582982495
"08031633",968,684,225,1137,9,1,1110,17,NA,0.014951627,0.706611570247934,0.232438016528926,0.00291680477295327,1307,980,599,354,0.611224489795918,0.361224489795918,0.00319338903298966
"08031634",745,443,268,873,16,NA,835,21,1,0.024054983,0.594630872483221,0.359731543624161,0.00224485491306837,951,740,369,361,0.498648648648649,0.487837837837838,0.00241133457593097
"08031635",1098,609,409,1323,18,7,1265,28,5,0.021164021,0.554644808743169,0.372495446265938,0.00330852442221352,1104,896,394,495,0.439732142857143,0.552455357142857,0.00291966997301912
"08031636",1068,773,226,1268,8,NA,1234,26,NA,0.020504732,0.723782771535581,0.211610486891386,0.00321812758007654,1424,1027,660,351,0.642648490749757,0.341772151898734,0.00334654136416366
"08031637",1023,626,317,1211,10,2,1187,9,3,0.007431874,0.611925708699902,0.309872922776149,0.00308253231687106,1266,1008,562,424,0.557539682539683,0.420634920634921,0.00328462871964651
"08031638",580,362,170,678,11,1,654,10,2,0.014749263,0.624137931034483,0.293103448275862,0.00174767228131497,732,578,329,241,0.569204152249135,0.416955017301038,0.00188344781741635
"08031639",960,677,217,1137,12,1,1086,38,NA,0.033421284,0.705208333333333,0.226041666666667,0.0028926989483834,1274,975,607,358,0.622564102564103,0.367179487179487,0.00317709623180094
"08031640",1235,805,368,1510,16,4,1463,19,8,0.012582781,0.651821862348178,0.297975708502024,0.0037213366679724,1633,1216,688,507,0.565789473684211,0.416940789473684,0.00396240924909738
"08031641",1167,793,284,1512,27,62,1305,99,19,0.06547619,0.679520137103685,0.243359040274207,0.00351643715912857,1618,1105,753,314,0.681447963800905,0.284162895927602,0.00360070906270773
"08031642",940,622,277,1146,9,76,1028,25,8,0.021815009,0.661702127659574,0.29468085106383,0.00283243438695875,1191,957,593,349,0.619644723092999,0.364681295715778,0.00311844214752154
"08031643",716,533,131,992,13,256,645,67,11,0.067540323,0.744413407821229,0.182960893854749,0.00215747129900262,1735,1189,848,315,0.713204373423045,0.264928511354079,0.00387442812267828
"08031644",942,584,330,1117,6,61,1004,42,4,0.037600716,0.619957537154989,0.35031847133758,0.00283846084310121,1793,1388,763,568,0.54971181556196,0.409221902017291,0.00452288160998944
"08031645",850,517,282,1028,6,48,936,37,1,0.035992218,0.608235294117647,0.331764705882353,0.0025612438605478,627,463,279,164,0.602591792656587,0.354211663066955,0.00150871339007573
"08031646",1114,797,232,1898,38,510,983,283,84,0.14910432,0.715439856373429,0.208258527827648,0.00335673607135324,2202,1166,887,235,0.760720411663808,0.201543739279588,0.00379948123721015
"08031647",953,660,216,1315,25,120,1075,73,22,0.055513308,0.692549842602308,0.226652675760756,0.00287160635188477,1366,930,634,252,0.681720430107527,0.270967741935484,0.00303046102110244
"08031648",1031,742,204,1363,8,161,1067,101,26,0.074101247,0.719689621726479,0.197866149369544,0.00310663814144093,1382,964,703,217,0.729253112033195,0.225103734439834,0.00314125206918575
"08031649",1289,923,260,2294,18,478,1544,212,42,0.092414996,0.716058960434445,0.201706749418154,0.00388405098381897,2704,1343,1020,263,0.759493670886076,0.195830230826508,0.00437624639929094
"08031650",894,627,225,1259,16,149,970,93,31,0.073868149,0.701342281879195,0.251677852348993,0.00269382589568204,1379,892,608,268,0.681614349775785,0.300448430493274,0.00290663573206814
"08031651",956,627,246,1693,20,213,1269,162,29,0.095688128,0.655857740585774,0.257322175732218,0.00288064603609847,2858,1350,876,427,0.648888888888889,0.316296296296296,0.00439905632095515
"08031652",926,577,309,1096,7,51,998,37,3,0.033759124,0.623110151187905,0.333693304535637,0.00279024919396149,NA,NA,NA,NA,NA,NA,NA
"08031701",895,777,75,1396,5,950,281,145,15,0.103868195,0.868156424581006,0.0837988826815642,0.00269683912375328,1469,874,789,47,0.902745995423341,0.0537757437070938,0.00284798164778874
"08031702",1184,932,178,1359,24,87,1134,85,29,0.06254599,0.787162162162162,0.150337837837838,0.00356766203633953,1729,1545,1112,412,0.719741100323625,0.266666666666667,0.00503447556731534
"08031703",593,466,78,733,18,100,503,77,35,0.105047749,0.785834738617201,0.131534569983137,0.001786844246241,652,552,411,131,0.744565217391304,0.23731884057971,0.00179872525123499
"08031704",650,564,51,922,7,498,293,111,13,0.120390456,0.867692307692308,0.0784615384615385,0.00195859824630126,997,660,586,45,0.887878787878788,0.0681818181818182,0.00215064975691141
"08031705",1027,789,177,1259,25,69,1083,65,17,0.051628276,0.7682570593963,0.172346640701071,0.00309458522915599,1154,837,619,203,0.739545997610514,0.242532855436081,0.00272741491899219
"08031706",958,808,93,1110,40,69,886,81,34,0.072972973,0.843423799582463,0.0970772442588727,0.00288667249224094,1096,873,655,205,0.75028636884307,0.234822451317297,0.002844723087551
"08031707",783,615,126,918,38,44,750,71,15,0.077342048,0.78544061302682,0.160919540229885,0.00235935757977521,921,785,562,210,0.715923566878981,0.267515923566879,0.00255796978662948
"08031708",1264,1014,168,1482,40,89,1216,96,41,0.064777328,0.802215189873418,0.132911392405063,0.00380872028203815,698,611,462,134,0.756137479541735,0.219312602291326,0.00199098030526192
"08031709",662,576,41,899,6,428,373,82,10,0.091212458,0.870090634441088,0.0619335347432024,0.00199475698315606,1000,672,598,49,0.889880952380952,0.0729166666666667,0.00218975247976434
"08031710",779,658,75,983,23,90,795,59,16,0.060020346,0.844672657252888,0.0962772785622593,0.00234730466749028,1031,769,604,143,0.785435630689207,0.185955786736021,0.00250583282282556
"08031711",378,327,34,495,4,93,365,25,8,0.050505051,0.865079365079365,0.0899470899470899,0.00113900021092596,555,373,321,38,0.86058981233244,0.101876675603217,0.00121544296867872
"08031712",207,160,24,299,3,85,156,51,4,0.170568562,0.772946859903382,0.115942028985507,0.000623738210745171,319,217,180,31,0.829493087557604,0.142857142857143,0.000707107571590568
"08031713",865,709,93,1113,29,101,908,60,15,0.053908356,0.819653179190751,0.107514450867052,0.0026064422816163,932,781,604,166,0.77336747759283,0.212548015364917,0.0025449355456785
"08031714",744,642,66,1345,6,639,264,396,40,0.294423792,0.862903225806452,0.0887096774193548,0.00224184168499714,1466,817,720,58,0.881272949816401,0.0709914320685435,0.0026622437142373
"08031715",730,617,89,1151,16,412,216,465,42,0.403996525,0.845205479452055,0.121917808219178,0.00219965649199988,1242,765,663,73,0.866666666666667,0.0954248366013072,0.00249279858187458
"08031716",635,525,80,1067,1,270,235,516,45,0.483598875,0.826771653543307,0.125984251968504,0.00191339982523277,1085,579,497,58,0.858376511226252,0.100172711571675,0.0018867063776541
"08031717",704,600,76,1187,13,386,219,527,42,0.443976411,0.852272727272727,0.107954545454545,0.00212131256214783,1212,674,584,57,0.86646884272997,0.0845697329376855,0.00219626960023983
"08031718",719,621,71,1242,5,499,212,499,27,0.401771337,0.863699582753825,0.0987482614742698,0.00216651098321632,1266,745,631,61,0.846979865771812,0.0818791946308725,0.00242762737711969
"08031719",667,589,55,1065,3,524,170,315,53,0.295774648,0.883058470764618,0.0824587706146927,0.00200982312351222,1116,710,636,43,0.895774647887324,0.0605633802816901,0.00231357776879863
"08031720",690,602,64,1288,18,647,160,420,43,0.326086957,0.872463768115942,0.0927536231884058,0.00207912736915057,1311,730,648,50,0.887671232876712,0.0684931506849315,0.00237874897355353
"08031721",670,587,64,986,6,589,98,252,41,0.255578093,0.876119402985075,0.0955223880597015,0.00201886280772592,1036,720,646,38,0.897222222222222,0.0527777777777778,0.00234616337117608
"08031722",778,679,75,1162,34,417,215,451,45,0.388123924,0.872750642673522,0.096401028277635,0.00234429143941905,1171,743,655,54,0.881561238223419,0.072678331090175,0.0024211102566442
"08031723",782,683,70,1106,21,347,151,550,37,0.497287523,0.873401534526854,0.0895140664961637,0.00235634435170398,1089,686,586,66,0.854227405247813,0.0962099125364431,0.00223537232309276
"08031724",719,625,77,1086,26,502,220,299,39,0.275322284,0.869262865090403,0.107093184979138,0.00216651098321632,1121,741,649,68,0.875843454790823,0.0917678812415655,0.00241459313616872
"08031725",706,589,79,1185,11,541,180,412,41,0.347679325,0.834277620396601,0.111898016997167,0.00212733901829029,1220,699,610,62,0.872675250357654,0.0886981402002861,0.00227773360618344
"08031726",725,629,65,1131,23,532,205,336,35,0.297082228,0.867586206896552,0.0896551724137931,0.00218459035164372,1208,738,637,56,0.863143631436314,0.0758807588075881,0.00240481745545548
"08031727",832,653,132,1212,47,299,361,479,26,0.395214521,0.784855769230769,0.158653846153846,0.00250700575526562,1155,816,628,162,0.769607843137255,0.198529411764706,0.00265898515399956
"08031728",811,608,159,1326,16,309,469,498,34,0.375565611,0.749691738594328,0.196054254007398,0.00244372796576973,1513,843,648,152,0.768683274021352,0.180308422301305,0.00274696628041866
"08031729",1195,859,250,1493,88,418,555,357,75,0.239115874,0.718828451882845,0.209205020920502,0.00360080754512309,1049,745,578,142,0.775838926174497,0.190604026845638,0.00242762737711969
"08031730",1197,837,279,1547,64,490,617,317,59,0.204912734,0.699248120300752,0.233082706766917,0.00360683400126556,1224,886,647,219,0.730248306997743,0.247178329571106,0.00288708437064168
"08031731",1159,832,256,1553,69,535,515,355,79,0.228589826,0.71786022433132,0.220880069025022,0.00349233133455871,1226,979,721,228,0.736465781409602,0.232890704800817,0.00319013047275192
"08031732",715,556,126,1031,50,448,235,248,50,0.240543162,0.777622377622378,0.176223776223776,0.00215445807093139,998,738,588,120,0.796747967479675,0.16260162601626,0.00240481745545548
"08031733",988,699,219,1618,50,439,732,331,66,0.204573548,0.70748987854251,0.22165991902834,0.00297706933437792,1361,595,408,163,0.685714285714286,0.273949579831933,0.00193884334145801
"08031734",920,717,146,1494,27,588,337,454,88,0.303882195,0.779347826086957,0.158695652173913,0.00277216982553409,1471,901,702,158,0.779134295227525,0.175360710321865,0.00293596277420784
"08031735",760,583,142,1125,11,446,304,309,55,0.274666667,0.767105263157895,0.186842105263158,0.00229005333413686,1214,765,609,135,0.796078431372549,0.176470588235294,0.00249279858187458
"08031736",640,478,124,961,55,376,267,223,40,0.232049948,0.746875,0.19375,0.00192846596558894,1013,667,523,120,0.784107946026987,0.179910044977511,0.00217345967857562
"08031737",755,554,156,1125,36,440,318,289,42,0.256888889,0.733774834437086,0.206622516556291,0.0022749871937807,1176,736,583,131,0.792119565217391,0.177989130434783,0.00239830033497999
"08031738",792,624,132,1100,27,451,297,257,68,0.233636364,0.787878787878788,0.166666666666667,0.00238647663241631,1113,772,622,122,0.805699481865285,0.158031088082902,0.0025156085035388
"08031739",739,566,147,1066,33,439,263,273,58,0.256097561,0.765899864682003,0.198917456021651,0.00222677554464097,1095,702,568,114,0.809116809116809,0.162393162393162,0.00228750928689668
"08031740",755,606,125,1070,50,429,293,247,51,0.230841121,0.802649006622517,0.165562913907285,0.0022749871937807,1162,769,639,107,0.830949284785436,0.139141742522757,0.00250583282282556
"08031741",788,613,122,1185,36,418,311,363,57,0.306329114,0.777918781725888,0.154822335025381,0.00237442372013138,1246,762,607,125,0.796587926509186,0.164041994750656,0.00248302290116135
"08031742",575,398,122,882,6,362,355,147,12,0.166666667,0.692173913043478,0.212173913043478,0.00173260614095881,820,557,393,149,0.70556552962298,0.267504488330341,0.00181501805242372
"08031743",862,686,118,950,33,47,790,59,21,0.062105263,0.795823665893271,0.136890951276102,0.0025974025974026,NA,NA,NA,NA,NA,NA,NA
"08031744",2463,1847,440,2538,84,162,2035,202,55,0.079590229,0.749898497766951,0.178643930166464,0.00742158073944617,NA,NA,NA,NA,NA,NA,NA
"08031801",690,594,32,1143,5,176,586,364,12,0.318460192,0.860869565217391,0.0463768115942029,0.00207912736915057,1130,619,519,55,0.838449111470113,0.0888529886914378,0.00201704878716388
"08031802",742,661,33,1099,8,244,620,221,6,0.201091902,0.890835579514825,0.0444743935309973,0.00223581522885467,1208,715,617,55,0.862937062937063,0.0769230769230769,0.00232987056998736
"08031803",621,516,52,1042,2,260,458,311,11,0.298464491,0.830917874396135,0.0837359098228663,0.00187121463223551,1010,599,504,60,0.841402337228714,0.10016694490818,0.00195187758240899
"08031804",677,591,38,999,3,280,547,166,3,0.166166166,0.872968980797637,0.0561299852289513,0.00203995540422455,1036,628,548,43,0.872611464968153,0.0684713375796178,0.00204637582930358
"08031805",652,546,43,1050,4,335,507,192,12,0.182857143,0.837423312883436,0.0659509202453988,0.00196462470244373,1088,634,542,63,0.854889589905363,0.0993690851735016,0.00206592719073005
"08031806",1373,1154,130,2033,17,1130,605,218,63,0.107230694,0.840495265841224,0.0946831755280408,0.00413716214180251,1658,1065,929,94,0.872300469483568,0.0882629107981221,0.00347036665319795
"08031807",934,843,42,1466,4,1039,273,124,26,0.084583902,0.902569593147752,0.0449678800856531,0.00281435501853135,1552,964,893,30,0.926348547717842,0.0311203319502075,0.00314125206918575
"08031808",906,791,72,1552,4,1072,295,162,19,0.104381443,0.873068432671082,0.0794701986754967,0.00272998463253684,1714,965,863,60,0.894300518134715,0.0621761658031088,0.0031445106294235
"08031809",677,489,130,1229,11,194,850,143,31,0.11635476,0.722304283604136,0.192023633677991,0.00203995540422455,974,547,382,144,0.69835466179159,0.263254113345521,0.00178243245004627
"08031810",964,782,119,1450,12,298,930,176,34,0.12137931,0.811203319502075,0.12344398340249,0.00290475186066833,1588,946,745,150,0.787526427061311,0.158562367864693,0.00308259798490635
"08031811",885,753,62,1316,14,222,836,218,26,0.165653495,0.850847457627119,0.0700564971751412,0.00266670684304095,1501,825,721,75,0.873939393939394,0.0909090909090909,0.00268831219613926
"08031812",883,731,84,1252,10,222,902,110,8,0.087859425,0.827859569648924,0.0951302378255946,0.00266068038689848,1494,836,711,88,0.850478468899522,0.105263157894737,0.00272415635875445
"08031813",833,742,37,1309,10,318,784,190,7,0.145148969,0.890756302521008,0.0444177671068427,0.00251001898333685,1398,777,683,58,0.879021879021879,0.0746460746460746,0.00253190130472752
"08031814",724,643,39,1057,2,275,679,95,6,0.08987701,0.888121546961326,0.0538674033149171,0.00218157712357248,1159,702,622,53,0.886039886039886,0.0754985754985755,0.00228750928689668
"08031815",726,643,37,981,6,191,684,88,12,0.089704383,0.885674931129477,0.0509641873278237,0.00218760357971495,1116,686,598,58,0.871720116618076,0.0845481049562682,0.00223537232309276
"08031816",697,585,60,938,7,191,672,63,5,0.067164179,0.839311334289814,0.0860832137733142,0.0021002199656492,1081,688,590,78,0.857558139534884,0.113372093023256,0.00224188944356825
"08031817",764,640,78,1045,5,252,657,115,16,0.110047847,0.837696335078534,0.102094240837696,0.00230210624642179,1108,715,635,55,0.888111888111888,0.0769230769230769,0.00232987056998736
"08031818",615,539,38,902,7,279,559,50,7,0.055432373,0.876422764227642,0.0617886178861789,0.00185313526380812,929,622,560,40,0.90032154340836,0.0643086816720257,0.00202682446787711
"08031819",646,565,42,928,3,383,437,87,18,0.09375,0.874613003095975,0.065015479876161,0.00194654533401633,956,647,582,31,0.899536321483771,0.0479134466769706,0.00210828847382073
"08031820",858,749,68,1132,2,462,623,39,6,0.034452297,0.872960372960373,0.0792540792540792,0.00258534968511767,1197,870,757,80,0.870114942528736,0.0919540229885057,0.00283494740683776
"08031821",806,701,58,1038,2,504,478,44,10,0.04238921,0.869727047146402,0.0719602977667494,0.00242866182541357,1134,789,703,57,0.891001267427123,0.0722433460076046,0.00257100402758045
"08031822",875,779,53,1194,1,642,479,58,14,0.048576214,0.890285714285714,0.0605714285714286,0.00263657456232862,1258,842,770,45,0.914489311163896,0.0534441805225653,0.00274370772018092
"08031823",961,850,70,1101,5,233,827,26,10,0.023614896,0.884495317377732,0.072840790842872,0.00289571217645464,1154,891,745,126,0.836139169472503,0.141414141414141,0.0029033771718304
"08031824",888,769,73,1098,12,251,786,43,6,0.039162113,0.865990990990991,0.0822072072072072,0.00267574652725465,1228,894,753,119,0.842281879194631,0.133109619686801,0.00291315285254363
"08031825",854,728,68,1050,7,327,639,62,15,0.059047619,0.852459016393443,0.0796252927400468,0.00257329677283274,1162,890,754,110,0.847191011235955,0.123595505617978,0.00290011861159265
"08031826",879,712,113,1371,14,188,1069,95,5,0.069292487,0.810011376564278,0.128555176336746,0.00264862747461355,1719,851,666,129,0.782608695652174,0.151586368977673,0.00277303476232062
"08031827",1049,880,81,1383,16,160,1112,81,14,0.05856833,0.838894184938036,0.0772163965681602,0.00316087624672311,1439,903,767,110,0.849390919158361,0.121816168327796,0.00294247989468333
"08031828",1147,919,116,2055,14,204,1628,189,20,0.091970803,0.801220575414124,0.101133391455972,0.00345617259770392,2291,1129,920,153,0.814880425155004,0.135518157661647,0.0036789145084136
"08031829",1170,968,114,1548,33,73,1325,95,22,0.061369509,0.827350427350427,0.0974358974358974,0.00352547684334227,1641,1054,831,199,0.78842504743833,0.188804554079696,0.00343452249058276
"08031830",984,848,79,1290,24,81,1075,100,10,0.07751938,0.861788617886179,0.0802845528455285,0.00296501642209299,1471,945,794,113,0.84021164021164,0.11957671957672,0.0030793394246686
"08031831",887,770,80,995,14,20,948,4,9,0.004020101,0.868094701240135,0.0901916572717024,0.00267273329918342,1095,900,715,166,0.794444444444444,0.184444444444444,0.0029327042139701
"08031832",899,753,107,1032,15,49,933,25,10,0.024224806,0.837597330367075,0.119021134593993,0.00270889203603821,1151,907,734,158,0.809261300992282,0.174200661521499,0.00295551413563431
"08031833",990,807,119,1152,12,33,1065,24,18,0.020833333,0.815151515151515,0.12020202020202,0.00298309579052038,1273,923,712,187,0.771397616468039,0.202600216684724,0.00300765109943822
"08031834",926,754,112,1119,26,26,1017,42,8,0.037533512,0.814254859611231,0.120950323974082,0.00279024919396149,1200,853,652,178,0.764361078546307,0.208675263774912,0.00277955188279611
"08031835",973,804,112,1135,9,41,1052,32,1,0.028193833,0.826310380267215,0.115107913669065,0.00293187091330943,1221,937,735,193,0.784418356456777,0.205976520811099,0.00305327094276665
"08031836",1107,886,152,1835,26,182,1430,170,27,0.092643052,0.800361336946703,0.137308039747064,0.00333564347485461,1933,1132,849,249,0.75,0.219964664310954,0.00368869018912684
"08031837",976,770,104,1460,16,244,988,182,30,0.124657534,0.788934426229508,0.10655737704918,0.00294091059752313,1567,898,715,138,0.796213808463252,0.153674832962138,0.00292618709349461
"08031838",876,670,122,1459,12,261,833,321,32,0.220013708,0.764840182648402,0.139269406392694,0.00263958779039986,1552,834,676,111,0.810551558752998,0.133093525179856,0.00271763923827896
"08031839",495,404,64,570,17,39,445,47,22,0.08245614,0.816161616161616,0.129292929292929,0.00149154789526019,594,481,380,94,0.79002079002079,0.195426195426195,0.00156736747435513
"08031840",502,391,80,583,21,29,459,50,24,0.085763293,0.778884462151394,0.159362549800797,0.00151264049175882,562,446,338,106,0.757847533632287,0.237668161434978,0.00145331786603407
"08031841",1079,891,87,1547,17,47,1378,96,9,0.062055591,0.825764596848934,0.0806302131603336,0.0032512730888601,1913,997,841,108,0.843530591775326,0.108324974924774,0.00324878455703132
"08031842",837,677,110,1143,10,21,1046,60,6,0.052493438,0.80884109916368,0.13142174432497,0.00252207189562178,1339,818,660,134,0.806845965770171,0.163814180929095,0.00266550227447505
"08031843",931,787,65,1271,19,42,1126,76,8,0.059795437,0.845327604726101,0.0698174006444683,0.00280531533431765,1624,911,751,132,0.82436882546652,0.144895718990121,0.00296854837658529
"08031844",1137,951,93,1612,17,55,1367,137,36,0.084987593,0.836411609498681,0.0817941952506596,0.00342604031699159,2004,1089,906,120,0.831955922865014,0.110192837465565,0.00354857209890382
"08031845",997,845,80,1347,21,40,1165,99,22,0.073496659,0.847542627883651,0.0802407221664995,0.00300418838701901,1613,941,763,137,0.810839532412327,0.145589798087141,0.00306630518371763
"08031846",1007,799,111,1344,21,54,1169,76,24,0.056547619,0.793445878848064,0.110228401191658,0.00303432066773134,1495,869,707,131,0.813578826237054,0.150747986191024,0.00283168884660002
"08031847",521,415,77,663,17,27,574,43,2,0.064856712,0.796545105566219,0.147792706333973,0.00156989182511224,789,519,415,87,0.799614643545279,0.167630057803468,0.00169119276338942
"08031848",1114,936,100,1490,20,17,1367,80,6,0.053691275,0.840215439856373,0.0897666068222621,0.00335673607135324,1732,1042,857,157,0.822456813819578,0.150671785028791,0.00339541976772983
"08031849",1125,946,103,1476,13,23,1361,71,8,0.048102981,0.840888888888889,0.0915555555555556,0.0033898815801368,1850,1111,906,154,0.815481548154815,0.138613861386139,0.0036202604241342
"08031850",976,786,141,1181,5,14,1119,35,8,0.029635902,0.805327868852459,0.144467213114754,0.00294091059752313,1172,833,630,190,0.756302521008403,0.228091236494598,0.00271438067804121
"08031851",1126,945,99,1474,18,43,1304,93,16,0.063093623,0.839253996447602,0.0879218472468917,0.00339289480820803,1745,1083,880,158,0.812557710064635,0.145891043397969,0.00352902073747735
"08031852",850,725,85,1032,11,15,937,57,12,0.055232558,0.852941176470588,0.1,0.0025612438605478,1206,829,689,120,0.831121833534379,0.14475271411339,0.00270134643709024
"08031853",869,700,126,990,11,2,947,29,1,0.029292929,0.805523590333717,0.144994246260069,0.00261849519390123,1046,827,627,186,0.758162031438936,0.22490931076179,0.00269482931661475
"08031854",992,804,122,1219,29,19,1099,56,16,0.045939295,0.810483870967742,0.122983870967742,0.00298912224666285,1347,916,696,200,0.759825327510917,0.218340611353712,0.00298484117777401
"08031855",1616,1271,198,2330,42,141,1906,214,27,0.091845494,0.786509900990099,0.122524752475248,0.00486937656311206,2274,1206,965,179,0.80016583747927,0.148424543946932,0.00392982364671993
"08031901",1143,803,226,1811,33,126,1477,149,26,0.082274986,0.702537182852144,0.197725284339458,0.00344411968541899,2201,1039,753,238,0.724735322425409,0.229066410009625,0.00338564408701659
"08031902",1504,1054,269,2462,25,157,1988,258,34,0.104792851,0.700797872340426,0.178856382978723,0.004531895019134,2608,1382,1019,295,0.737337192474674,0.213458755426918,0.00450333024856297
"08031903",1116,800,238,1358,8,20,1248,78,4,0.057437408,0.716845878136201,0.21326164874552,0.00336276252749571,1493,1116,750,324,0.672043010752688,0.290322580645161,0.00363655322532292
"08031904",1049,725,235,1297,14,33,1158,75,17,0.057825752,0.691134413727359,0.224022878932316,0.00316087624672311,1287,971,644,291,0.663233779608651,0.299691040164779,0.00316406199084996
"08031905",259,182,52,322,6,19,280,17,NA,0.052795031,0.702702702702703,0.200772200772201,0.000780426070449272,330,262,185,67,0.706106870229008,0.255725190839695,0.000853742782289073
"08031906",986,704,228,1148,5,45,1028,56,14,0.048780488,0.713995943204868,0.231237322515213,0.00297104287823545,1258,925,633,270,0.684324324324324,0.291891891891892,0.00301416821991371
"08031907",1165,795,270,1678,8,129,1333,186,22,0.110846246,0.682403433476395,0.231759656652361,0.00351041070298611,1890,1112,759,308,0.682553956834532,0.276978417266187,0.00362351898437195
"08031908",1070,704,278,1447,19,47,1268,105,8,0.072563925,0.657943925233645,0.25981308411215,0.003224154036219,1504,1048,679,335,0.647900763358779,0.319656488549618,0.00341497112915629
"08031909",1106,794,248,1339,24,49,1160,87,19,0.064973861,0.717902350813743,0.224231464737794,0.00333263024678338,1470,1111,745,330,0.670567056705671,0.297029702970297,0.0036202604241342
"08031910",1297,931,271,1712,18,114,1447,116,17,0.067757009,0.71781033153431,0.208943716268311,0.00390815680838883,1947,1285,914,340,0.711284046692607,0.264591439688716,0.00418724990550175
"08031911",1421,965,339,2220,48,243,1611,274,44,0.123423423,0.679099225897255,0.238564391273751,0.00428179708922168,2446,1334,908,359,0.680659670164918,0.269115442278861,0.00434691935715124
"08031912",1097,651,354,1556,31,150,1210,129,36,0.082904884,0.593436645396536,0.322698268003646,0.00330551119414228,1601,1068,634,385,0.593632958801498,0.360486891385768,0.00348014233391118
"08031913",1171,752,306,1398,5,24,1244,111,14,0.079399142,0.642186165670367,0.26131511528608,0.00352849007141351,1394,973,618,317,0.635149023638232,0.325796505652621,0.00317057911132545
"08031914",939,582,288,1112,9,12,1025,58,8,0.052158273,0.619808306709265,0.306709265175719,0.00282942115888752,1157,881,512,341,0.581157775255392,0.387060158910329,0.00287079156945295
"08031915",932,584,255,1182,7,21,1076,72,6,0.060913706,0.626609442060086,0.273605150214592,0.00280832856238889,1274,933,601,295,0.644158628081458,0.316184351554126,0.00304023670181567
"08031916",1491,929,449,1887,28,60,1676,106,17,0.056173821,0.623071763916834,0.301140174379611,0.00449272305420797,1653,1260,747,481,0.592857142857143,0.381746031746032,0.00410578589955814
"08031917",1245,788,359,1560,23,41,1416,65,15,0.041666667,0.632931726907631,0.288353413654618,0.00375146894868473,1625,1246,745,465,0.597913322632424,0.373194221508828,0.00406016605622972
"08031918",1182,780,304,1365,33,39,1199,74,20,0.054212454,0.65989847715736,0.257191201353638,0.00356163558019706,1493,1172,723,413,0.616894197952218,0.352389078498294,0.00381903259863662
"08031919",1205,751,386,1372,26,45,1207,75,19,0.054664723,0.623236514522822,0.320331950207469,0.00363093982583542,1491,1166,698,435,0.598627787307033,0.373070325900515,0.00379948123721015
"08031920",1082,654,330,1361,13,57,1166,97,28,0.071271124,0.604436229205176,0.304990757855823,0.00326031277307379,1448,1083,655,401,0.604801477377655,0.370267774699908,0.00352902073747735
"08031921",1316,865,333,2254,18,339,1746,131,20,0.0581189,0.657294832826748,0.253039513677812,0.00396540814174225,2735,1370,962,356,0.702189781021898,0.25985401459854,0.00446422752571004
"08031922",1452,943,377,2139,46,125,1784,145,39,0.067788686,0.649449035812672,0.259641873278237,0.0043752071594299,2488,1381,899,424,0.65097755249819,0.307023895727734,0.00450007168832523
"08031923",1174,739,336,1852,45,272,1230,255,50,0.137688985,0.629471890971039,0.286201022146508,0.0035375297556272,2180,1256,833,375,0.663216560509554,0.298566878980892,0.00409275165860716
"08031924",883,637,149,1921,40,342,1147,302,90,0.157209787,0.721404303510759,0.168742921857305,0.00266068038689848,2309,859,633,183,0.736903376018626,0.213038416763679,0.00279910324422257
"08031925",640,371,221,743,5,7,708,20,3,0.0269179,0.5796875,0.3453125,0.00192846596558894,748,611,299,297,0.48936170212766,0.486088379705401,0.00199098030526192
"08031926",649,386,214,798,10,14,723,44,7,0.055137845,0.594761171032357,0.329738058551618,0.00195558501823003,867,650,368,260,0.566153846153846,0.4,0.00211806415453396
"08031927",862,516,285,1089,10,29,996,47,7,0.043158861,0.59860788863109,0.330626450116009,0.0025974025974026,1134,848,432,392,0.509433962264151,0.462264150943396,0.00276325908160738
"08031928",779,517,212,881,9,15,830,21,6,0.023836549,0.663671373555841,0.27214377406932,0.00234730466749028,955,778,470,292,0.604113110539846,0.375321336760925,0.00253515986496526
"08031929",844,529,244,1118,7,101,918,79,13,0.070661896,0.626777251184834,0.289099526066351,0.00254316449212041,1233,779,464,292,0.595635430038511,0.374839537869063,0.00253841842520301
"08031930",818,511,232,1093,11,115,818,129,20,0.118023788,0.624694376528117,0.28361858190709,0.00246482056226836,1137,769,495,240,0.64369310793238,0.312093628088427,0.00250583282282556
"08031931",703,405,265,815,8,15,773,17,2,0.020858896,0.576102418207681,0.376955903271693,0.0021182993340766,900,737,371,356,0.503392130257802,0.483039348710991,0.00240155889521774
"08031932",911,607,236,1247,31,78,1049,70,19,0.056134723,0.666300768386389,0.259055982436883,0.002745050772893,1359,910,597,271,0.656043956043956,0.297802197802198,0.00296528981634754
"08031933",675,403,222,798,17,30,688,54,9,0.067669173,0.597037037037037,0.328888888888889,0.00203392894808208,848,688,398,268,0.578488372093023,0.38953488372093,0.00224188944356825
"08031934",715,464,194,1022,14,119,772,98,19,0.095890411,0.648951048951049,0.271328671328671,0.00215445807093139,1144,724,470,232,0.649171270718232,0.320441988950276,0.00235919761212706
"08031935",1719,992,524,2487,34,31,2306,100,16,0.040209087,0.577079697498546,0.304828388598022,0.00517973905444903,2060,1187,625,508,0.52653748946925,0.427969671440607,0.00386791100220279
"08031936",899,551,251,1339,20,80,1101,118,20,0.088125467,0.612903225806452,0.279199110122358,0.00270889203603821,1733,961,608,314,0.63267429760666,0.326742976066597,0.00313147638847252
"08031937",950,552,335,1095,12,18,1042,22,1,0.020091324,0.581052631578947,0.352631578947368,0.00286256666767108,904,716,337,360,0.470670391061453,0.502793296089385,0.0023331291302251
"08031938",940,515,357,1256,18,19,1171,43,5,0.034235669,0.547872340425532,0.379787234042553,0.00283243438695875,1271,760,340,400,0.447368421052632,0.526315789473684,0.00247650578068586
